cdf_fire_diff,usgs_fire_diff
59,20
80,31
99,33
36-2,36
5 mile,37
58' (hwy 58),46
5-8 cliff lightning,49
65 fire,51
a3,58
ackerson fire,65
adobe (central lnu complex - nuns),67
albion lightning,74
albion river lightning,97
alder creek beach rd man,128
almazan,132
alsio,155
american river complex,198
andrews,210
arrowcreek,306
arroyo seco,400
assist,2-Apr
assist #16,"10"""""
assist #22 (soda),110th fire
assist #31,1-21 pork lightning
assist #42,152 fire
assist #51,200fire
assist #73,241 incident
assist (bridge),25 fire
assist (feather river),261 incident
assist (juniper),3 rocks
assist (kelsey),3+1
assist (turtle),40 fire
assist 42,41 fire
assist 84 (military afv),49 fire
assist crater,49er
assist/marple,58 #2
assist/old coach,58 complex
assist/opal #2,580 #6
atlas (southern lnu complex),580/vieira
ave 32,5th
avenue 26/road 19 5,600 fire
bagley complex,7 mile
bale,75th fire
banner 4,78 #4
bark knf assist #12,800 fire
bar-o-escape,810 fire
barrypoint (ca land),98 elk
basilone complex,a-3
bdf 5587,abigail
bear wallow,abney
bear wallow complex (klamath theater),abraham
bear-i,academy
bedford 923,ackerson
behemotash,ackerson (spot)
belli ranch,ackley
big bar complex,acquistit
bingo rincon #3,adam
blm - 2,adams ranch
blm #1 (jacks),adelaida
blm 417,adelaide
blm 4516,adobe
blm d 284,aera
blm d 337,aero_club
blm d596,aetna
bloomer #3,ager
blue complex,agoura fire
bluenose,agua dulce fire
borax,air
border #50,aircraft
border #95,airport_vasco
border fire #16,alaska
borrego,albanita
branham,alessandro
breakneck,alford
brokeoff,aliso i
brown (h-31),aliso ii
brown complex,alisos
brushy 1 lightning,all acres in mex
brushy 3 lightning,almaden
brushy lightning,almazon
bryant,alosta
buffalo,alta
bullard,alta mesa
bullards,altamont #1 - 6
burger creek lightning,altman
burroughs,altoona
burst complex,alvarado
burtons,amar fire
butch lightning,amarillo/tank fire
buzz,ammen
cabeu003316,ammo
cajalco fire,amphithea
camp roberts,ananda
canel,anderson
canyon 2,angel island fire
canyon complex,angora
carl,animal caused electrical arcing
cascade (neu wind complex),anita
casoose creek lightning,annette
cassel (shu complex),antelope fire
castle complex,anthony milne
cdf assist (scott),antler
cerrito fire 681,antonio
chalk (shu complex),apricot
chevron usa,aquaduct fire ii
chihuahua 2,aqueduct
childs,arco
chimney incident,ardo
china hat,argyle
china/chance,armstrong #1
cholollo,arnot
chris,a-rock
cienaga,arrastre
city,arrow complex
cliff ridge b lightning,arrow ic
cliff/valley,arroyo
coffee complex,ash mtn
coleman fish hatchery,ashurst
colina sup6,assist #105
comanche complex,assist #114
complex,assist #118
concordia,assist #121
conover,assist #177
"control burn, geysers",assist #21
copper,assist #54
copperhead,assist #59(pomerado)
corona (state 983),assist #59/magnolia
corral complex,assist #6
correia,assist #60
cort,assist #61
cougar-i,assist #65
courtney,assist #78
cowhead/blm d438,assist p.n.f.
coyote fire,assist#101
crank,assist#65/blackmt #2
cub complex,athens
daugherty gate,atlas
dawson-rru2tac22,atmore
decker,auberry
deep creek,aubery
deer park,autumn
deerhorn,avenida
dehaven gulch,avenue fire
del puerto canyon,avery
denny,axel
diablo /t7 t8/com4 t1,azalea
dillon complex,azusa
dino ic,azusa fire 26 acres
divide,b v ii
dixie,babcock
dodge complex (six fires),babcock peak
doe,bacchi
dogpatch,back
donkey mine rd/oak ru,backdoor
dutch kern #30,backscatter
eagle #1,backus
eagle fire,badger
eclipse complex,badger pnf
edna (state 1596),badger wf
egg fire,bailey
elk horn,baily
elliott,bake-oven
elm 2,baker
emery,bald - san rafael complex
eo2a,bald hill 3
esparenza,bald mtn. escape
esperanza-state,bald wf
explosive,bald wfu
f#88 shannon inc,baldwin fire
f.k.u. 7076,baldwin hills fire
falls #2,baldy
farad,bales
fay ranch,balloon
fay/top,bally
fernandez,bandy
fields,bangor
fku 7654,banneker
fku-15832,banner fire
flea valley,banning
forebay,barber
forest gate,barham
forest hill,bark
fork complex,barka
forks complex,barnett
fort complex,bar-o escape
fort copper,barona
fouts complex,barranca
freaner,barrel
gale,barry point
gallatin,bartlett
galvin,bartlett 2
garnet dike,basalt
gasquet complex,base
gibbel,basham
gilman fire,basin
gleason,bassetts
gomez (shu complex),bates fire
goose (shu complex),bautista
greenmeadow,bay
grenade,bayles
grider/lake,bayne
grimes,beach
guerrero,beale afb beale
gun club,beale afb grass valley ga
happy camp complex,beale assist
hardy,beale escape
havila,bean
hells half complex,bear 2
hernrick vmp,bear wallow-lime complex
hickock,beardsley
high rock,beauty
highglade,beaver
highway 74,beck
hoisington,beckwith (tahoe nf)
honey ic tac 9,bedford
hoover complex,bee
horno,bee #2
horse complex,beeler
horse lightning,beerock
horton #2,belfast
hough complex,bell springs
humboldt complex,bell west
humming bird,bella
hunter #9,belotta
hwy 152,ben hur
hwy 175,bena
hwy 58,bennett
hwy 70,bennett-lime complex
igo 13,benny
igo 15,bent
igo 16,berdoo
igo 17,bernasconi
igo 18,beswick
igo 6,betabel
inscription,bethany
intake,betty blace
inyo complex,bevan
iron complex & alps complex,bichota
island mt. series,bidart
jack rabbit,bidwell park
jack smith lightning,biederman
jameson lightning,big
jarrell,big arroy
jenny,big five
johnson vmp,big meadow
jolan #2,big mt rx escape
juan creek lightning,big rock
juliett,big trees
july complex,bill
keene complex,bingo
kelley,birch
kern #10,bird_1
kern #17 (chocktaw),bird_2
kern 19 cottonwood,birthday
kern co. #25,biscuit
kern co. #26,bitter
kern co. #27,black #481
kern co. #7,black diamond es
kern co. #9 (knob),black diamond mi
king/titus,black fire
kinneloa,black gulch
knf assist #11 (uncles complex),black rock
knf assist #12 (happy camp),blackbrush
knf assist #15,blackjack
knf beaver,blacksmith
knopki,blackstar
kuhner,blair
kutras,blaisdell
la porte (neu wind complex),blm #d-430
lackerman,blm 3
lacy,blm d-354
laguna #100,blm#1
laguna canyon,blocksburg
lake complex,blocksburg 1-58
lakehead,bloom
lassen,bloomer
lassen np 2225 (huffer),blue 2
lewiston 8,blue cut
lightning #11,blue fire
lightning #12 (bear),blue gum
lightning #14 (esperanza),blue jay
lightning #17,blue mountain
lightning #29 (keystone),blue nose
lightning #40,blue oaks
lightning #53,blue slide 1
lightning #58,blue2
lightning #70,bluff2
lightning #79,bluford 1-55
lightning #83 (dixie),bnsf
lightning #9,boardman
lightning #97,boardman 2
lightning 66,boat_house
lightning honeydew,bobcat
lightning series,bobfish-kern #14
likely,boca reservoir
lilac 5,boden
lime complex,bodie
little 5,boggs 5
lobo (neu wind complex),bogus
lodge complex,bohemotash
longwood,boise
loop,bolla
lopez/kern co #8,bolli
los gatos series,bonelli fire
lost lake,bonita #2
lost pipe lightning,bonnheim
low gap 1 lightning,bonny
lpf #807,borax fire
lpf asst #7 (kirk),border
lucas complex,border #10
mad complex,border #14
mad river complex,border #25
mallo-b lightning,border #34
marron #4,border #58
martin fire,border #6
martin series,border #70
matthew,border 10
mattole #2,border 12
maywood fire,border 16
mccourtney (neu wind complex),border 30
mchough complex,border 6
merged with yolla bolly complex,border 7
meridian av lucerne_vall,border#2
metz #4,border#26
metzen,border#31
mill complex,border#33
miller complex,border#4
millstream,border#44
min,border#48
mnf 964 assist,border#5
mnf-334 assist (fork),border#50
modoc complex,border#6
modoc july complex,border2
modoc n.f. 094,boswell
modoc nf 707 (ambrose),bottcher
monterey,bottle
montgomery flat lightning,bottle peak
moon,bottom
moreno-s-1046,boulder
mortar,boulder complex
musty #1,boulder-lime complex
musty #2,boundary
musty #3,bouquet fire
nees fire,bouquet fire no. ii
nicholas,bowen
nod bbt4,bowman
north mountain,box canyon (pioneer) fire
northford,box springs
november,boyd
nuns (central lnu complex),boys
oak glenn iii,bradford
observation,bradley incident
old 2,bradley-lockwood
old gulch,bragdon
old highway,bramlette
old topanga,brandt
olivas,bravo
oliver / mrp 588,braye
oliver complex (merged with oliver),breck
one-eleven (shu complex),breckenridge
opal mountain,bredhoft
orange co. assist,breeze
orco assist,brennan
orestima,brewer
orleans complex,briceberg
orr series lightning,bridal
orr springs rd orr 3,bridal veil
oso lightning,bridge fire
otay #18,bridge incident
p.n.f. 115,bridgeport
pacy,bridges
parker 2,bright
partrick (central lnu complex - nuns),brigss
pasqual,brileburg
patato,broadway / north complex
peterson complex,brock
pg&e #19,broder/beck wfu
pg&e #8 (cavendale),broken
pg&e (trauner),bronco
pg&e 13,brooktrails #2
pg&e 27,broome ranch
pg&e 39,brown
phelps,brown 1
pilot fire,brown 2
pine (campbell),browncone
piute complex,browns fire
plantina 4,browns valley
pleasure fire,brubeck
pocket 2 (central lnu complex),bruns
pony-state,brushy
popcorn,brushy 1
prado,brushy 3
priu,brushy 4
quail complex,brushy 5
r-21,brushy 6
r-4,brushy 7
red mountain 1 lightning,brushy 8
redwood valley (mendocino lake complex),bryant 2
resevoir fire,bryant fire (eastern port)
rest,bryant fire(western port)
ricco cabeu002665,bsfmu hog
rincon #21,bsfmu17
ripstein/east,bsfmu25
river complex,bsfmu31
river day asstmt rvctac1,bsfmu34
river-ii,bsfmu7
roadside 9323,btu lightning complex
rocklin assist,buck peak
rodeo 2,buckley
rodriquez,buckman
rogge fire,bucks
route complex,buckweed
rumsey series #3,buena vista wfu
rushmore,bullards incident
ruth complex,bullfrog
salmon august complex,bullhead
salt springs,bumb
san diego complex,bummer
san felipe,bummers
san francisco,bump
santa clara complex,burger creek
sawtooth,burke
schindel escape,burlwood
scissors #2,burn
scorpion complex,burney fire
shamrock east lightning,burnt
shell creek,burnt mt
shipman,burrough
shirley complex,burton
shockey (border 94),bus
shooting,butch
shultz (yorba),butcher
siskiyou / blue 2 complex,butler
sixteen complex,butler #2
slaughter house,butte 2
slick rock,butte fire
slu 1626,butte mt
slu 1690,butte valley
slu 73,butter
slu 864,buttermilk
slu 966,buttes
smokey,byers fire
snag,byron
soda complex,cabanzo
soup complex,cabbage
south complex,cabin seq
spi #3 sourgrass,cachuma
spoor,cahuila
spring #5 (sugarloaf),cahuilla
squaw 1 lightning,cajalco
srf assist #15 (panther),cajon
srf lightning complex,cal
st. claire,cal oil
sta 57 ono cdf igo 2,cal poly
stables,cal state
stallion springs,calabasas
stan. #7,calgary
stanislaus complex,calgrove fire
star fire,calico
state #1030 (dawson),caliente
state #1662,calif. valley csd
state #1807,calkins
state #1825,callbox
state #2056,calpine
state #837,camanche
state (bailey),camarillo hospital
state (brown),camatta
state (esperanza),cambridge
state (ida),camelot
state (jackrabbit),cameron
state (pechanga),camino
state (stanley),camino diablo
state 1102 (reche),camno san bernardo
state 1116,camp 2
state 1860 (wesley),camp anf fire
state 767 (bull),camp cree
state 837,camp2
state 891,campground
state 914,camuesa
state 925 antonio,canebreak
state assist (bee),cannon
state fire (beach),cannonball
"state, pauba",cantrall
state-sabina,cantua creek
steckle park,cantwell
stent,canyon i
stf #135,canyon ii
stoddard,canyon ii fire
stoddard #2,cap
sudden incident,capay
suey creek,capell
sugar loaf,capitan
sulphur (mendocino lake complex),captain
summit complex,car
summitt,caranton
sunrise,carbon
swift,carbon canyon fire
tahoe,carey-iron complex
tarina,caribou
tea incident,caribou wfu
tecate #18,carmody
tecate #30,caro
tecolate,carpenter
ten/bald,carson
thing,carter
thirty one 2,cary
thirty seven,casa
tof assist #1,cascade creek
travis 1 lightning,cascadel
travis 3 lightning,casitas
travis complex,casmalia
trinity (usfs #32),casoose creek
triple 3,cassel
tubbs (central lnu complex),castaic
tully,casterlin
tuttle town,castle
tuu lightning complex,castle 1
tuu sept lightning,castle co
twenty nine,castle wf
ukonom-south complex,cat
under,cateyes
usfs #14,cathedral
usfs #20,cattle
usfs #29,caylor
usfs #33,ccd border
usfs #41,cdf 807
usfs #5,cebriam
usfs assist #10,cebrian
usfs assist #33 (rock fire),cecil 2
vallecito lightning complex,cedar-iron complex
venture,celina
verbnia-state 82,cement
wagers lightning,cement fire
wagon wheel,cement fire #1
wawona nw,cement fire #2
weaver,cemetery
weber,center fire
west branch,centerville
whiskeytown complex,cerrito
whitehorse,cerritos
whitmore rd/old cow c2,chagoopa
widow,chalolo #1
wiggle,chalone
william,chambers
wilmont,chamise
winchester #1,chance
wolfskill,chandler
woodrow,charlie
worden,chatsworth fire
yosemite #1,chawanakee
yuba river complex,checkpoint
,cheney incident
,cherry fire
,cheseboro
,chestnut
,chevron
,cheyenne
,chihauhau 2
,chil
,chimineas
,china complex
,china lake
,chinese (china pines slopover)
,chinese camp #1
,chino
,chiquito
,chisholm
,choctaw
,chorro
,chow
,christmas
,chrome
,chualar
,chuckwagon
,cienega
,cima
,citrus
,claremont
,claribel
,clarks
,clavey 87 complex
,clay
,clay river
,clear
,clear lake
,clearhouse
,cleghorn
,clements
,cliff
,cliff ridge
,clifton
,clingans
,clinton
,clipper2
,club
,coach
,coal cyn.
,coalinga
,coburn
,cocheo
,cocos
,codfish
,coe
,coffeepot2
,coldbrook
,cole
,coleville
,colgate
,colina
,collins
,colony
,columbia
,columbia hill
,comanche
,comb
,combat-basilone complex
,con assist 11_dolan
,con asst 13_diamond
,conejos
,conifer
,"conner, w"
,conness
,conouck
,consky
,constania
,constantia
,converse
,conway
,cooks
,cool
,coon
,cooney
,cooper
,cooperstown #2
,cooprstown
,cooskie
,copco fire
,copper #1
,copper #3
,copper fire
,copus
,coral
,corcoran
,corona state #983
,coronado
,coronado hills
,corp #13
,corp #15
,corporation
,corral fire
,corral hollow
,corral hollow - pg&e
,corral wfu
,corral_hollow
,correco
,costa #2
,coto
,cottontail
,cougar #2
,country
,countyline
,courtney fire
,covington fire
,cow #1
,cowhead
,cowshed  lightning
,cox
,coyote 1
,cozy dell
,crafton
,crag
,cram
,crandel
,crane
,crater
,crater mountain
,crater wf
,craterpnf
,crawford
,creag
,cree
,creed
,creek fire
,creek incident
,crescent
,crest fire
,creston
,cripple
,crockett 2
,cross fire
,cross_roads
,crossing
,crossover
,crowder
,crowder mt.
,crystal wfu
,cub
,cuddeback
,curie
,curtis
,curve
,cutca
,cutter
,cutthroat-lime complex
,cuyama
,cypress
,cyrus
,cyrus cyn
,d
,daguerra point
,dahlberg
,daily
,daley
,daley #3
,dalton
,dalton 2
,dalton 3
,dam
,damet
,damon/long
,dana
,danhauser
,dark
,daulton
,daves
,dawson
,de luz
,deadwood
,deafy
,dechambeau
,decker fire
,deep
,deep lake
,deer cree
,deer horn 2
,dehaven
,dehesa
,dehesa #3
,del dios #2
,del valle
,del valle fire
,del venturi
,del_puerto
,del_puerto_2
,dell_puerto_1
,delonegha
,delta
,delta fire
,deltoid
,demo
,democrat
,dennison park
,denny-iron complex
,derby
,derby fire
,desert fire
,desk
,devil fire
,devils canyon
,devils den
,devils gap
,devils gulch
,devore 2
,dewolf
,dexter
,dexter #2
,diablo canyon
,diamond
,diamond bar fire
,diane
,diaz
,diefenderfer
,diego
,diller
,dineley
,ditch
,ditto
,divide fire
,division
,dixie fire
,dobbyn 1-57
,dobie
,dog
,dog creek
,dogbar
,dogpatch #2
,dogpatch #6
,dolcini
,dollar
,dome
,dome2
,donner
,donovan
,doolittle
,dorst
,dos amigos
,dos palmas
,dougherty
,douglas
,dow
,doyle
,dredge
,driftwood
,drip
,drivers
,dry
,dry valley
,dulce
,dulzura
,dump
,dunbar
,duncan
,dunne
,dunnigan
,dunstone
,dunton
,durham pentz #1
,durham pentz #2
,dusty
,dutchman
,dyer
,dyer incident
,eade
,eagle lake fire
,eagle peak
,early
,early fire
,east grade
,east leconte
,eastfork
,eastmam
,eastside fire
,echo
,echo cree
,echo wfu
,eclipse
,edgemont
,edgewood
,edison
,edmondson
,edna
,edson
,egg
,egle
,eighty
,eighty eight fire
,el chorro
,el mirage
,el moro
,elbow
,elder
,elderwood
,eleanor
,electra
,elephant hill fire
,elk 2
,elk hills 2
,elkhorn
,ellis 2
,ellis mdw
,elloit
,elm
,emerald
,emerald fire
,emigdio
,emma
,encinal
,encino
,energy
,engelhart
,engine 93
,engineers
,ennis
,erreca
,erskin
,escapete
,escondido
,esparanza
,espinosa
,estate
,estates
,estell
,estrella
,etsel
,eucalyptus
,evans
,ever
,evergreen 2
,excelsior
,explosives
,extension
,f
,"f"""""
,"f"""" fire"
,fairbanks
,fairmont
,fairvew
,falcon
,fall
,fandango
,farralone fire 46 ac
,fawn incident
,fawndale
,feather falls
,feed
,feeder
,felipe complex
,felkner
,fenton
,fiddyment
,field
,figuero
,fine
,fire #3
,firestone
,first
,fisher
,fisher -lime complex
,five dogs
,five mile fire
,five points
,fivemile
,fk 1817
,fku 5788
,flea
,fleener
,fletcher
,flint peak fire
,flintridge fire
,flores
,florida
,floriston
,flowind
,foley
,folsom
,foot
,foothill
,foothill fire
,forbidden
,ford point
,foresta #1
,forestgate
,foresthill
,forks
,fort/copper
,forus
,"four """"s"""""
,four mile
,fourmile
,fouts
,foxlane fire
,frame
,frank
,frankish
,franklin
,franklin series
,frazier
,freccero
,frecot
,freds
,free
,freedom
,freeman
,freeway fire
,freeway fire i
,freeway fire ii
,freeway fire no ii
,freeway ic fire
,freeway_complex
,fremont
,fresno
,fresno#33
,friant
,fricot
,friday
,friend-darnell
,fritz
,frog creek
,frontier
,frying pan
,fuller
,funston
,g
,"g"""" fire"
,galitza
,gallatin fire
,garcia
,garlic
,garlinger
,garner
,garrison
,gas point #1
,gas point road
,gassner
,gates complex
,gator
,gaviota
,geary
,geneseo
,geo
,geysers fire
,ghost
,giant
,gib
,gibbck
,gibbei
,gibbon
,gibonney
,gibrel
,gilardi 1
,gilbreth
,gilead
,gilmer
,girard
,gird
,glacier
,glacier point
,glen aulin
,glen helen  2
,glen oaks canyon fire
,glenbrook
,glendale fire
,glendora fire
,glenwood
,globe
,go
,gobbler
,godde fire
,goff
,gold
,gold valley
,goldledge
,golf
,gomez
,gondola
,gonzo
,gooch
,goodenough
,gopher #3
,gopher 7
,gordon
,gorge
,gorman
,gorman fire
,gould
,government
,grace
,grade 2
,graham
,grand incident
,grande ic
,granite ii
,grantline #2
,grape vine
,grapevine-08
,grass valley
,grave
,graves
,grease
,greeley
,green
,green gulch
,green meadows
,green river
,greenhorn
,greenridge
,greenridge #6
,greenspot
,greig
,grey lodge
,griffith park
,grigory
,grimes fire
,groovy
,groundhog
,groves
,grub
,grunder
,guadalupe
,guadelupe/mpud 127
,guejiuto
,guenoc
,guiberson
,guidotti
,gulch fire
,gulch3
,gun
,gun fire
,h fire
,h. ranch
,hackberry
,hacker
,haibach
,haigh fire
,half
,half-lime complex
,halfway
,halloran
,haloween
,halstead3
,hamilton
,hamm
,hampshire
,hancock
,hanes #1
,hanson
,harbison
,harden wfu
,hardin
,harding
,hardy creek lightning
,harley
,harney
,harper
,harrington
,harrison
,hart
,hartman
,harvey
,haskell
,haskell fire
,hasley fire
,hasloe
,hatchery
,haul
,hauser
,havilah 2
,hawk
,hawkinsville
,hayes
,haypress
,hayward assist
,hazel
,hazen
,hazleton
,heacock
,headwater
,heald
,heaton
,helendale
,helester
,heliportw
,hemlock fire - july
,herlong
,hermit
,hetchy
,hickok
,hicks
,high
,high fire
,high glade
,highland fire
,highland valley rd.
,highline
,highrock
,highway 108 #2
,highway 128
,highway 18
,highway 41/ rd 209 3
,highway 58
,highway 70
,highway_198
,highway-16
,hiillview #1
,hill crest
,hills
,hillside
,hillside fire
,hiram
,hitchcock-lime complex
,hmrs nos2
,hoag 2
,hockett
,hockett fire
,hockett i
,hodges #2
,hog #2
,hogan
,hogback
,holbrook 2
,holland
,holser incident
,holy
,homestake 2
,homestead
,honcut
,honey incident
,honeydew
,honolulu
,hooker
,hope
,horn
,hornbrook
,hornitos
,horse
,horse (hull)
,horse fire
,horse linto
,horsethief ii
,horton
,horton 2
,hospital
,hotsprings
,hough
,houret
,howards
,howell
,howland
,hoy
,huasna
,hub
,huckleberry
,huffer pnf
,huffer wf
,hughes
,hughes fire
,humbug
,hungry
,hunter fire
,hunterliggettasst#7
,huntstock fire
,hurlbutt
,hurricane
,husky fire
,hutto
,hutton/corp #4
,hwy 120 #1
,hwy 120 #3
,hwy 128
,hwy 138 & 300 west fire
,hwy 140
,hwy 149
,hwy 162
,hwy 26 #3
,hwy 32
,hwy 4 #3
,hwy 41 east
,hwy 49
,hwy 49 #7
,hwy 62
,hwy 65
,hwy 91
,hwy 94
,hwy166
,hwy25
,hwy26 #2
,hyampom
,i-40
,i5
,i-5
,iagua
,iaqua
,ice
,ida
,idleberry
,idyllwild
,ill
,india
,indian 2
,indian peak
,indian springs
,indian valley-lime complex
,in-ko-pah
,interlake
,interstate
,iowa
,irene
,iron
,ironside-iron complex
,irvine
,island
,italian
,j. black
,j59#2
,jacalitos
,jack #1
,jack smith
,jack wf
,jackass
,jackrabbit
,jacks
,jade
,jake
,jalama
,jamacha
,james
,jameson
,janeway
,jarrel
,jasper
,jawbone
,jawbone 2
,jay
,jedidiah
,jeep
,jefferson
,jellys 1
,jellys 2
,jenkins fire
,jenson
,jewel
,jewell
,j-i/c fire
,jo
,joaquin
,johan
,johnson
,johnson fire
,johnson road fire
,joines
,jolon
,jonata
,jordan
,joshua fire
,journey
,julieanne
,jump
,junction fire
,june
,juniper fire
,junkyard
,k i c fire
,kagel fire
,keck
,kecks
,keddie
,kellogg
,kelly
,kemper
,kendrick
,kenetech #7
,kenewa incident
,kennedy
,kentucky
,kerlin
,kern
,kern co. fire 192 ac
,kern county #27
,keswick
,kettleman
,keuhner fire
,kevin
,key
,keys
,kibbe
,kibbie
,kibbie cmplx wf
,kibbie cmplx wfu
,king creek
,king fire
,king titus
,kings
,king's
,kingsley
,kingston
,kingston 2
,kingston 3
,kingston#1
,kinkaid
,kinneloa fire
,kirch
,kirk
,kiva
,kiwi
,knob
,knox
,koa
,koenigstein incident
,konda 3
,koopman
,krn 10261
,krn 9954
,kuehner incident
,kugelman
,la cresta
,la franchi
,la grange
,ladder
,lago
,laguna
,laguna 100
,laguna 2
,laguna fire
,lake - rx area
,lake fire
,lake hemet
,lake_canyon
,lake2
,lakepointe
,lakeshore
,lakeville
,lakewood
,lakin
,lamb
,lancaster
,lancaster fire
,lanes
,largo
,largovista
,lariat
,larkin
,larsen
,larson
,lassics
,latigo
,latigo fire
,lauerel wfu
,laurel lake 2
,laureles
,lava
,laval
,laver
,laverne
,lazy
,le conte
,le grand
,leary
,leconte
,leconte (spot)
,ledeit
,lee
,legrand
,lehigh
,lehr
,leon
,leona fire
,leroy fire
,letts
,levee
,lewin fire
,lewis
,lewis cr
,lewis creek fire
,lgt #17 (3-5)
,lgt #22 (3-9)
,lgt #25 (2-7)
,lichens
,light #37
,lightening fire
,lightning
,lightning # 29
,lightning # 40
,lightning #12
,lightning #120 (crank)
,lightning #14
,lightning #23
,lightning #28
,lightning #31
,lightning #6
,lightning #64
,lightning #84 (stent
,lightning #97 (bison)
,lightning 1
,lightning 2
,lightning 5
,lightning9
,likley
,lilac
,lilly
,lima fire
,lime
,lincoln city asst
,linda fire
,lindell
,lindsay
,linn
,linne
,little
,little - bar complex
,little buck
,little grider
,little juan creek (mrc)
,live oak
,live oak fire
,lmu dixie
,lobo
,lockwood
,lodge
,lodi
,lofty
,log
,logan (lee logan)
,lokern
,lokern two
,loma fire
,loma ridge
,lone
,lone oak rd.#2
,lone pine
,longjohn
,lonoak
,lookout
,lookout 2
,lookout2
,lopez
,loraine
,los alamos
,los banos
,los bueyos
,los cerritos
,los gatos
,los gatos #2
,los padres
,lost bear
,lost bear burno
,lost creek
,lost pipe
,lost valley
,louie
,louis
,lourence
,love
,loveland
,low gap
,lowe
,lowes cyn fire
,loyalton
,lt-17(backbone)
,lucas
,lucas #1
,lucas #2
,lucas #4
,luis
,luiz
,lukens
,lumber fire
,lunch
,lundy fire
,luz
,lyon
,lyons
,m-9
,madd fire
,maddalena
,madero
,madre
,magee
,maggie
,magoon
,main
,malech
,malibu
,mallard
,malt
,manning
,mansville
,manzanar fire
,manzanita springs
,manzanita#2
,marcos
,maria
,mariposa/mpud 137
,markley
,marple fire
,marr
,marron
,marshal
,martin
,martin ranch
,martin ranch #1
,martineck
,mary
,mary fire
,masonic
,mateo
,mathews
,matias
,matilija
,matthews
,mattole
,maxwell
,may
,maybert
,maywood
,mc clure
,mc kinley
,mc pherson
,mccain
,mcclure
,mccormick
,mccourtney
,mccoy
,mcewen
,mcganney
,mcgee
,mcguires
,mckittrick
,mckory
,mcmillan
,mcmillian
,mcoulloh
,mcphee
,mcpherson
,mcswain
,meadow ridge
,meadow wfu
,meadowlark incident
,meat_truck
,mebane
,medicine
,meeks
,megram
,melones #2
,melones #5
,mendiboureau
,merced
,merced fire
,mercury
,merrill
,merry christmas
,merwin
,mesa
,mesa #1
,mesa #3
,mesa #4
,mesquite
,mesquite 3
,metropolitan 2
,metson
,michaels
,michigan #4
,mid oil
,mid-basin west
,middle fire
,middle outlet lightning
,middle ridge
,middle t suppression
,middle t wfu
,midnight
,midoli 2
,miguel
,mile
,milford grade
,military
,mill creek 4
,mill2
,millard
,miller div w
,miller div x
,miller div y
,miller div z
,millerton
,mills
,mills fire
,mina
,mincey canyon
,mine/otay
,miners
,mines road
,mint
,minto
,minuteman
,miwto
,mix
,mocal
,mocassin
,mockingbird
,modesto energy
,modesto energy #2
,modjeska
,mojave
,moke
,momyer
,monarch
,monkey rock
,montezuma
,montgomery
,mooney
,moonlight
,morales
,moreno
,morman
,morrell
,morris
,morrison
,morrison incident
,moses
,mosquito
,mount
,mountain fire
,mouse two
,mowitz 1
,mrc #5
,mt baldy fire
,mt gleason fire/usfs
,mt st marys
,mt. house
,mt. jackson
,mud fire
,mud springs
,mudd
,muir grov
,mulberry
,muldoon
,mule
,mulholland fire
,munz
,mupu
,murken
,murphy
,murphy ridge
,music
,mussey
,musty
,muth
,mutton
,myers
,myrna
,myrtle
,n. glass
,nacasio
,nacimiento
,nader2 incident
,nature
,navarro
,neenach
,nees
,nehouse
,new
,new drub
,new idria
,newhall
,newport
,niagara
,nice
,nichols
,nicolaus
,nicolaus westland
,nielson
,nine
,nintey nine
,nipomo
,nobe
,nomans
,norman
,north crowder
,north mtn
,northern
,northfork
,nowhere
,nuns
,oak
,oak 2
,oak canyon fire
,oak creek
,oak glen 3
,oak hill
,oak run
,oakhill
,oasis fire
,oat
,observa
,observation complex
,obyrnes
,ocean fire
,odonovan
,o'donovan
,ogilvy
,ogilvy (attempted backfire)
,oharel
,oil
,oil fields
,oklahoma
,olancha
,old - 2
,old hwy/mpud 149
,old julian
,old stage
,old toll
,old topanga fire
,olinda
,olivera/bugunda
,olivia
,olsen
,olson
,omega
,ondulando
,oneal
,oneil
,onion 2
,onion fire
,onyx
,onyx fire
,opal
,open
,orange
,orange co. (coal)
,orcas
,orcutt
,ore
,ore assist #7
,oregon gulch
,orejano
,orestimba
,oroflamme
,orr series
,orvis
,oso
,ostrander
,otay
,otay #10
,otay #12
,otay #14
,otay #19
,otay #245
,otay #268
,otay #3
,otay #3 (#4)
,ottoway
,outlaw
,outside origin
,outside origin #5
,outside origin #8
,overlook
,overture
,oz fire
,p.g.&e. #2
,pacific
,pacific fire
,packsaddle
,pacy fire
,padua
,pala #2
,pala 3
,pala 4
,pala 5
,paladino
,palisade
,palm
,palm#1
,palmas
,palmdale
,palmdale fire
,palocomado
,paloma
,panoche ii
,panoche#2
,panocho
,panther basin
,paper
,paradise 2
,paramont
,park #2
,park 2
,park fire
,parker2
,parkhill 12
,parks
,parlor
,parrots 2
,parsnip
,pass fire
,past
,pat
,pate valley
,patterson
,patterson pass
,patterson pass #2
,pauba
,pauma
,payen
,payne
,peace valley
,peacekepper
,peach #2
,peach hill
,peak sha
,pearblossom
,pearblossom fire
,peavine
,pechacho
,pedro fire
,peg
,pelican
,pelletreau
,pellows
,pendleton
,penn
,peno blanc
,pentland
,peoria
,peppertree controlle
,perch
,perkins
,perris lake
,perry
,peterson
,peutz
,pfe
,pg & e #2
,pg&e
,pg&e #11
,pg&e #13
,pg&e #15
,pg&e #16
,pg&e #17
,pg&e #22
,pg&e #24
,pg&e #5
,pg&e #7
,pg&e #8
,pg&e#1
,pg&e#4
,pge 13
,phillips
,phoenix
,phyllip
,pickett
,pico
,pico fire
,pidgeon
,piedra
,pieita
,pigeon
,pilitas blm-1836
,pine  fire
,pine 1-44
,pine canyon fire
,pine creek
,pine hills
,pine valley
,pine_canyon
,pinecyn
,piney
,piney creek
,pinnacle
,pinnacles
,pinyon
,piper
,piru fire
,piru incident
,pit
,pitman
,pittsburg
,piuma
,placer
,placerita fire
,plaskett 2
,platina
,pleasure
,plumas nf #531 (clark)
,plunge
,po70creek
,pocket
,point
,poison
,pole fire
,polk
,polk fire
,pollard
,poly
,poly / a-4 7
,pond
,ponoche 2
,ponte
,pool 2 - main
,poplar
,poppet fire
,poppy
,poppy fire
,porcupine
,portal
,porter creek fire
,porter ranch
,poser
,poso
,potato
,potrero
,potrero 2
,potter
,potwisha
,pourier
,powderhouse
,powerhouse #2/#3
,powerhouse 2
,prairie
,prarie
,pratt
,pressley
,preston
,price
,priest fire
,primex
,princeton
,prison
,prospect peak
,pruitt
,prussian 2
,puente hills fire
,pulgas-basilone complex
,pump
,punch
,pushwalla
,pv
,pyramid
,q
,qeudow
,quail
,quail fire
,quailwash
,quaking
,quarry fire
,quartzite
,queen
,queens peak
,questhaven
,quien
,r. colla
,r-10 painter
,r-3 mud
,r-4 parsnip
,r-4 ranch
,r-5 spanish
,r-5 stoney
,r-9 shinn
,rabbit
,racetrack
,rack
,rafael
,railroad #4
,railroad #5
,ralston
,ram
,ramero
,ramirez
,ramp
,ranch fire
,ranch fire ii
,rancheria
,ranchita
,rancho 2
,rancho arroyo
,rancho arroyo/je
,rancho mission 4
,rancho mission1a
,rancho san carlos fire
,rankin
,raspberry
,rattlesna
,rave
,ray
,raymond
,rd 400
,rd_26
,read
,recer
,red bank
,red hill
,red mountain lightning
,red rock
,red star
,redcrest 2
,redfern
,redhill #2
,redlands
,redro
,redrock
,redwood retreat
,redwood valley
,reed
,reef
,refinery fire
,refuge
,relay
,relief
,reliz
,renner
,reptile
,requa
,research
,reserve
,retech
,reward
,rhapsody fire
,rhombus
,rhonda
,ri/escape
,ribbonwood
,ricbar
,rich bar
,richbar complex
,richie
,rico
,ridge fire
,ridge line
,ridge/heights
,rifle range
,rimrock
,rims
,rincon #2
,rincon#15
,riosa
,ripple
,ripstein
,ritts
,river ii
,riverbed
,riverbottom
,rivers
,riverside
,rmmw fire
,road
,road 2
,road 26
,roads
,roads end
,roadside
,roadside 3 4 5 6
,roadside 82
,roadside 83
,roadside 84
,roaring
,roblar 2
,roca
,rock (bsfmu #3)
,rock bsfmu a6
,rock creek 2
,rock fire
,rock/mpud 98
,rocklin_clover incident
,rocky village
,rocoso
,rodgigues
,rogge
,rollins
,rosa
,rosasco
,round mtn
,round mtn.
,roundup
,rouse
,rouse 1
,rouse 2
,rowell
,rowels
,rowher
,royal
,royce
,rube
,rubicon
,rubicon 1
,ruby fire
,ruff
,rumsey 2
,running
,runway
,russell complex
,russia
,rustic
,rusty
,ruth hill
,s. oakglen
,s.j. #10
,s.j. #3
,s1 duck
,sabina
,sabodan
,sacket
,sacred mtn. #5
,sage fire
,sage flat
,sagebrush
,sagehen
,saint claire
,sale
,saline
,salisbury
,salmon complex
,salt crk
,sample
,san antonio
,san antonio fire
,san bruno #9
,san bruno mt. #12
,san clemente
,san fernando fire
,san fran
,san fran fire
,san francisquito fire
,san juan
,san lucas
,san luis
,san martin
,san tim
,san timoteo
,san vicente
,san_antone
,san_antonio
,sand cyn
,sand flat
,sandbag
,sands
,sandy
,santa
,santa anita ii
,santa paula
,santa rosa
,santa_ynez
,santos
,sapra
,saratoga
,sargent
,sargents
,sargents 2
,sargents2
,savage
,savages
,saw
,sawtooth complex
,scales
,scales 1
,scarborou
,schaler
,schallock
,school
,school incident
,schoolhouse
,schott
,scooter
,scorpion
,scotch
,scotch fire
,scotchman
,scott
,seaton
,sebastain
,secata
,secert
,secret
,sedgwick
,segs
,seminole
,seneca
,sentinel
,sepulveda
,sepulveda pass
,sequioia
,sequoia fire
,sereda
,serpa
,serpentine
,sesnon fire
,sevenmile
,seven-mile
,seventy
,sexton i
,sexton ii
,shade
,shadow
,shaffer
,shaffer fire
,shamrock
,shamrock east
,shamrock west
,shannon
,shannon fire
,sharp
,shasta
,shastina
,shea
,shedd
,sheep #1
,sheep #2
,sheep #3
,sheep complex
,sheill
,shelby
,shelley
,shelly
,shelter
,shepard
,sherwood
,sherwood fire
,shields camp
,shields swwa
,shiells
,shingle
,shinn
,shoemaker
,shooting fire
,shoreline
,short
,shoshoni
,showers
,shu buck 5
,shu deadwo
,shu dersch
,shu east
,shu lightning-deadshot fire
,shu lightning-deck fire
,shu lightning-deerlick fire
,shu lightning-kirkman
,shu lightning-lower fire
,shu lightning-moon fire
,shu lightning-motion fire
,shu lightning-pine 1
,shu lightning-pine 2
,shu lightning-round
,shu lightning-shingletown
,shu lightning-stein fire
,shu lightning-venture
,shu lightning-withrow
,sibley #2
,sieber
,sierra
,sierra fire
,signal
,silacci
,silaxo
,sill
,sillimancr
,silva
,silver queen
,silverado_2
,simi fire
,simmler
,simpson
,sims
,sinclair
,singleton
,sisar
,sisters
,site 300
,sites_complex
,sixteen_complex
,sixth
,sixty-five 2
,skedaddle
,skeggs
,skeleton
,skull
,skunk
,sky valley
,skye
,slattery
,slaughterhouse
,slc-4
,slide bluf
,sloan
,sloan fire
,sloane
,slu 1059
,slu 1461
,slu 1785
,slu-0864
,slu1148
,slu-1366
,slu-1544
,slu-1690
,slu-730
,slu-966
,slump
,smally
,smart
,smartville
,smiley
,smith
,smoke
,smoot
,smud #1
,snag complex
,snake
,snake/cargyle2
,snow
,snow brush
,soda cree
,soda ii
,soldier
,soledad
,soledad fire
,solomons
,somes
,sonora
,soup 1
,soup 2
,source
,south beale
,south hills fire
,south ridge
,south turner
,south-frey
,spanish 11
,spanish trail
,sparks
,spearhead
,spencer
,spenceville
,sphinx
,"spi #12 """"mill creek #2"""""
,"spi #3 """"sourgrass"""""
,"spi #4 """"mill creek #1"""""
,"spi #5 """"winton"""""
,"spi #6 """"spur 4"""""
,spicer
,spider
,spring peak
,spring/mpud 133
,springs #361
,spruce
,spunky
,spunky fire
,squaw
,st. pauli
,stables fire
,stag
,stagel
,stallion fire
,standard
,stanley
,stanza
,starr king
,starr lake
,state 1060
,state 1179
,state 1458
,state 1587
,state park
,stateca 17
,station
,steamboat
,steckel
,steele
,steelhead 1-54
,stephens
,sterling
,steve
,stevenson
,steward (main)
,stewart
,stine
,stinson
,stockdale
,stockton
,stoddard 3
,stoddard#2
,stokes
,stoney
,storksbill
,stormy
,storrs
,straw
,strike
,stuarts
,stuhr accident
,stweart
,success
,sudden
,suey incident
,suey ranch
,suey ranch west
,sugar
,sugar pine
,sugarlaof
,sugarloaf
,sulpher
,summit3
,sunny
,sunnybrook
,sunnyside
,sunrise #2
,sunset
,surveyors
,susanna fire
,sutherland
,suwanee w
,swasey
,swift le-7
,swillup ii
,swim
,sycamore fire
,sycamore incident
,sylmar fire
,table mtn
,taft
,taliaferro
,tamarack wfu
,tank
,tanner
,tapo
,tea
,tecalote
,tecate
,tecate #4
,tecate #44
,tecate #8
,tecate#18
,tecolote
,tecopa
,tectah
,tehama
,tehon fire
,tejon
,telephone
,telescope
,temblor
,temecula
,templin
,templin fire
,ten bald
,ten mile
,tenaja
,tenant
,termo
,terrebonne fire
,texas canyon fire
,t-grove
,tgu denny
,the adobe fire
,"the ave """"l"""" fire"
,the burke fire
,the cypress fire
,the johnson fire
,the meadow fire
,the paradise fire
,the piru fire
,the pyramid fire
,the ranch fire
,the verdale fire
,the westlake fire
,theodore
,thing #2
,thomes
,thompson_cyn
,thorton
,three
,thurman
,tid #2
,tierney
,tierra
,timber
,timm
,tinta
,titus
,tivy
,tobin
,toll
,tollhouse
,tom
,tom martin
,tomahawk- basilone complex
,tombstone
,top
,toro
,toughnut
,tovey
,tovey fire
,tower
,tower ii
,tower rock
,townes
,towsley
,towsley fire
,trabuco
,tramway
,trash cyn fire
,trauner
,travis
,travis 1
,treasure
,tree fire
,treloar complex
,triangle
,trilogy
,trimmer 2
,triple fire
,trojan point
,trona
,trotter fire
,trough #1-iron complex
,trout
,truck
,trw
,tubbs
,tucker
,tujunga
,tuk
,tulley
,tulloch
,tullock
,tumey
,tunawee
,tunnel
,tuolumne
,tuolumne wf
,tuolumne wfu
,tupman
,turchet
,turkey fire
,turkey run
,turnbull fire
,turtle
,tuscan
,tuttletown
,twelve
,twenty
,twenty_nine
,twentyfive
,twenty-nine
,twin
,twin bridges
,twins
,twisselman
,twisslman
,twist
,two
,u.s.f.s. #14
,uknown
,ukonom
,uncles
,unit #
,unit #5
,united
,unknown
,upper
,upper coon
,upper santa ana escape
,urrotia
,urrutia
,usfs #35 shf (bally)
,usfs assist 3
,usl
,utc
,vaca
,valente
,vallecito
,vallecitos
,valley 2
,valley fire
,valley view
,van dollen
,van horn
,vander-bowen
,vann
,vaqueros
,verbnia-state 820
,verdale
,verdugo
,vern
,vieux
,viewridge fire
,villa fire
,vinegar
,vineyard
,vintage
,vipel
,viper
,virginia
,visitor
,vista fire
,vuelta
,w
,w turner
,wagner complex
,wagon
,wagon fire
,wagy
,wakefield
,waldo 2
,walker cabin
,wallow
,walnut incident
,waltz
,wapama wfu
,warm springs
,warner 1-1
,warnerville
,warren
,warthan
,wash
,washburn
,washington
,waterman 3
,waterspout #1
,watkins
,watts
,waverley
,waverly
,wayman
,wayside
,webb fire
,webb fire ii
,weed
,weekend
,weller
,wendy incident
,wengler
,wentzel
,west butte
,west butte fire
,west crockett
,west fire
,west fire no ii
,west fire no. 2
,west kern
,westfall
,westfield
,westlake
,westlake fire
,westlake incident
,westley
,westville
,whaleback
,wheatland
,wheats
,wheel #1 & #2
,wheeler #2
,whit
,white #2
,white cascade
,white hurst
,white rock series
,whitehorse fire
,whitepine
,whiterock
,whites hill
,whites hill 2
,whitewater
,whitley
,whitlock
,whitney
,whittemore
,wick
,wickiup
,widow inc.
,wiggell
,wildcat 1-51
,wilder
,wilderness
,wildhorse
,wildlife
,wildwood fire
,wildwood i
,williams ridge we
,willie
,willits watershed
,willms
,willow 3
,willow springs
,willy
,wilmer
,wilmot
,wilms
,wilson
,wilson branch 1
,wilson branch 2
,winchester 1-47
,winchester#1
,wind gap
,windy
,wingate
,winnebago
,winters
,wise
,wishon
,witcher
,wizard
,wofford
,wolf
,wolfskill br3
,wolfskill complex
,wooden fire
,woodleaf
,woodlot
,wooley
,workman fire
,wunpost
,yager
,yaqui
,yard
,yeager incident
,yokhol
,yokohl
,yolla
,yolo
,yorba
,yorba linda
,yosemite
,ysabel
,yucca fire
,zam assist
,zenon
,ziegler-iron complex
